{"cameraMode":{"drawMode":0,"name":"Shaded","section":"Shading Mode"},"sceneLighting":true,"audioPlay":false,"sceneViewState":{"showFog":true,"showMaterialUpdate":false,"showSkybox":true,"showFlares":true,"showImageEffects":true,"showParticleSystems":true},"in2DMode":false,"pivot":{"x":2.761897563934326,"y":-2.93392276763916,"z":0.6013665199279785},"rotation":{"x":-0.11074575036764145,"y":0.8800734281539917,"z":-0.3870251178741455,"w":-0.25182974338531496},"size":81.88044738769531,"orthographic":false}